"","id","name","url","age","repo_id_lind","repo_id_GHT","is_valid","is_treatment","language","user_type","commercial_involvement","is_fwd_self","is_fwd_truong","num_bugs","num_classifier_bugs","num_contributors","num_commits","num_desdocs","num_issues","num_raw_issues","num_issues_classifier","num_PRs","num_forks","num_issuelinks","project_id","architecture","community","continuous_integration","documentation","history","license","management","project_size","repository_size","state","stars","unit_test","score","has_sequence"
"42",71,"Comcast/cats","https://www.github.com/Comcast/cats",1314,1429,12237281,1,1,"Java","ORG",0.461538,1,1,1,1,11,47,2,38,20,23,3,8,5,12237281,0.966323666978485,0,0,0.305217011678248,0,1,0,90936,114585,"dormant",19,0.317168118237002,0,0
"53",88,"Protocoder/Protocoder","https://www.github.com/Protocoder/Protocoder",888,5148,5588234,1,1,"Java","USR",0.3,0,-1,1,1,7,692,5,82,58,35,17,2,20,5588234,0.991266375545852,0,1,0.146376883548892,0,1,0,23593,68773,"dormant",153,0,0,0
"61",103,"SINTEF-9012/ThingML","https://www.github.com/SINTEF-9012/ThingML",2583,5535,6370678,1,1,"Java","ORG",0.3,0,-1,43,6,26,3597,1,222,49,159,12,11,121,6370678,0.972477064220184,0,0,0.181880373486179,0,1,0,35670,44248,"dormant",51,0.0230726100364452,0,0
"67",116,"SpineEventEngine/core-java","https://www.github.com/SpineEventEngine/core-java",1138,5939,21921018,1,1,"Java","ORG",0.027027,-1,-1,0,0,20,10380,0,187,77,103,677,9,593,21921018,0.892319277108434,0,1,0.373323789071821,0,1,0,77007,78792,"dormant",12,0.414403885361071,0,0
"69",118,"SpoonLabs/astor","https://www.github.com/SpoonLabs/astor",1408,5945,14054618,1,1,"Java","ORG",0.315789,1,-1,7,2,11,1284,7,74,74,46,57,41,43,14054618,0.989387811538594,0,1,0.35063303520176,0,1,0,2258032,2429913,"dormant",65,0.414427696330256,0,1
"80",137,"UESTC-ACM/CDOJ","https://www.github.com/UESTC-ACM/CDOJ",1941,6477,7952527,1,1,"Java","ORG",0.225806,1,-1,8,8,17,2027,2,111,52,79,192,32,236,7952527,0.99622641509434,0,1,0.139921349739947,0,1,0,23158,189840,"dormant",67,0.218110372225581,0,0
"88",156,"abb-iss/SrcML.NET","https://www.github.com/abb-iss/SrcML.NET",1244,7058,1985400,1,1,"C#","ORG",0,0,-1,7,1,13,1190,23,70,53,37,17,8,8,1985400,0.858585858585859,0,0,0.218584572724981,0,1,0,28243,49598,"dormant",14,0.348652763516624,0,0
"90",162,"aegif/NemakiWare","https://www.github.com/aegif/NemakiWare",1884,7241,10185183,1,1,"Java","ORG",0.0555556,0,0,42,20,10,1405,1,156,86,120,137,6,208,10185183,0.955932203389831,0,0,0.0776719349410796,0,1,0,32294,334913,"dormant",42,0.033195020746888,0,0
"96",173,"asciidocfx/AsciidocFX","https://www.github.com/asciidocfx/AsciidocFX",1536,8092,13587056,1,1,"Java","ORG",0.0909091,0,1,7,1,26,1490,7,320,282,218,45,190,41,13587056,0.970238095238095,0,1,0.0706887047307525,0,1,0,16588,305131,"dormant",1026,0,0,0
"103",187,"boost-experimental/di","https://www.github.com/boost-experimental/di",2326,8728,4176796,1,1,"C++","ORG",0.3125,0,1,225,13,6,4938,16,270,171,198,3,4,27,4176796,0.992395437262357,0,1,0.120238116204935,0,0,0,20919,49952,"dormant",490,0,0,0
"109",199,"christophd/citrus","https://www.github.com/christophd/citrus",3306,9370,87005,1,1,"Java","USR",0.478261,-1,-1,114,33,33,3506,0,365,166,228,71,88,335,87005,0.990400667779633,0,1,0.297080627222933,0,1,0,141689,185182,"dormant",245,0.509983132070944,0,0
"110",200,"claeis/ili2db","https://www.github.com/claeis/ili2db",1073,9441,25292988,1,1,"Java","USR",0.238095,1,-1,104,41,15,633,1,174,157,121,32,14,126,25292988,0.948275862068966,0,1,0.0656616199115473,0,1,0,47742,57886,"dormant",11,0.288823258346948,0,0
"111",204,"cliqz-oss/keyvi","https://www.github.com/cliqz-oss/keyvi",932,9475,22083728,1,1,"C++","ORG",0.6,1,-1,104,12,11,826,1,29,21,22,15,0,179,22083728,0.654918032786885,0,1,0.185557764200123,0,1,0,179672,188883,"dormant",148,0.0765951289015539,0,0
"114",210,"collate/collate","https://www.github.com/collate/collate",646,9574,20584046,1,1,"Java","ORG",0.142857,1,-1,7,1,6,210,4,37,2,12,1,0,71,20584046,1,0,0,0.153575025176234,0,0,0,1628,1681,"dormant",10,0.326167076167076,0,1
"116",214,"cpvrlab/ImagePlay","https://www.github.com/cpvrlab/ImagePlay",1217,9674,17092408,1,1,"C++","USR",0.142857,1,-1,16,13,14,401,1,93,54,66,22,40,38,17092408,0.909822866344606,0,1,0.424721136506434,0,1,0,69857,70501,"dormant",975,0.016605350931188,0,0
"117",215,"crowdcode-de/KissMDA","https://www.github.com/crowdcode-de/KissMDA",2200,9730,1083,1,1,"Java","ORG",0.181818,1,1,0,0,4,440,660,52,15,20,2,9,1,1083,0.882352941176471,0,1,0.306060606060606,0,1,0,6909,8244,"dormant",27,0.470835142567665,55,0
"129",231,"dandelion/dandelion-datatables","https://www.github.com/dandelion/dandelion-datatables",893,9936,2324318,1,1,"Java","ORG",0.357143,0,1,14,2,13,942,1,296,71,144,36,56,63,2324318,0.847507331378299,0,0,0.213574957270961,0,1,0,16499,100767,"dormant",109,0.207103460815807,0,0
"135",239,"djeedjay/DebugViewPP","https://www.github.com/djeedjay/DebugViewPP",1722,10433,6402689,1,1,"C++","USR",0.133333,1,1,157,45,10,1380,14,321,202,203,4,27,113,6402689,0.804568527918782,0,0,0.119267963680046,0,1,0,92692,131237,"dormant",299,0.010044016743624,0,0
"140",248,"droidstealth/droid-stealth","https://www.github.com/droidstealth/droid-stealth",903,10646,12598143,1,1,"Java","ORG",0.181818,1,-1,21,12,6,482,7,194,37,133,25,20,100,12598143,0.955882352941177,0,0,0.204312946198572,0,1,0,7883,10811,"dormant",63,0.0142077889128504,0,0
"144",254,"eProsima/Fast-RTPS","https://www.github.com/eProsima/Fast-RTPS",1618,10786,14637101,1,1,"C++","USR",0.25,-1,-1,160,14,38,4174,0,178,164,136,157,113,60,14637101,0.978339350180505,0,0,0.280381591432832,0,1,0,154740,297283,"dormant",237,0.0933889104303994,0,0
"162",297,"gocd/gocd","https://www.github.com/gocd/gocd",1701,12299,8204377,1,1,"Java","ORG",0.290598,0,1,72,47,120,7216,3,2166,1427,1225,3150,686,3025,8204377,0.991315789473684,0,0,0.152018845185175,0,1,0,322502,666319,"dormant",4524,0.518458800255502,0,0
"172",322,"imixs/imixs-workflow","https://www.github.com/imixs/imixs-workflow",1666,13297,7368207,1,1,"Java","ORG",0.333333,0,1,190,55,3,994,2,400,69,225,5,27,575,7368207,0.972350230414747,0,1,0.290751791679753,0,1,0,27053,49680,"dormant",120,0.257494547739622,0,0
"174",325,"infinidb/infinidb","https://www.github.com/infinidb/infinidb",1212,13324,5821907,1,1,"C++","USR",0.166667,1,-1,0,0,4,57,9,52,52,40,2,64,21,5821907,0.774061433447099,0,0,0,0,1,0,0,0,"dormant",222,0,0,0
"184",350,"kamilfb/mqtt-spy","https://www.github.com/kamilfb/mqtt-spy",598,14753,17476348,1,1,"Java","USR",0.4,0,-1,23,7,5,347,1,124,35,83,2,45,24,17476348,0.958441558441558,0,0,0.274434404745482,0,1,0,38797,42077,"dormant",328,0.0271154986210274,0,0
"185",352,"kermitt2/grobid","https://www.github.com/kermitt2/grobid",2141,14908,3844185,1,1,"Java","USR",0.222222,1,-1,109,18,31,1360,4,260,195,197,80,146,119,3844185,0.980306345733042,0,1,0.0296218069129091,0,1,0,59072,672606,"dormant",654,0.107512865655471,0,0
"188",356,"kite-sdk/kite","https://www.github.com/kite-sdk/kite",1662,15030,6717841,1,1,"Java","ORG",0.619048,-1,-1,3,0,56,2496,0,40,40,22,445,193,119,6717841,0.983717774762551,0,1,0.122948294047238,0,1,0,88703,296026,"dormant",342,0.414901412579056,0,0
"203",383,"longkerdandy/mithqtt","https://www.github.com/longkerdandy/mithqtt",460,15807,23721553,1,1,"Java","USR",0.5,1,1,33,2,4,275,3,56,6,27,1,0,51,23721553,0.979381443298969,0,1,0.237687921202696,0,1,0,5565,5882,"dormant",37,0.156693620844564,0,0
"204",387,"lviggiano/owner","https://www.github.com/lviggiano/owner",1942,16013,1889369,1,1,"Java","USR",0.12,-1,-1,26,6,23,910,0,180,92,107,61,149,68,1889369,0.952380952380952,0,1,0.221227357256009,0,1,0,8585,11307,"dormant",634,0.593476994758299,0,0
"206",389,"lycis/QtDropbox","https://www.github.com/lycis/QtDropbox",1391,16029,1979405,1,1,"C++","USR",0.0909091,1,-1,29,15,9,183,2,40,33,32,14,43,40,1979405,0.875,0,1,0.214470893235918,0,1,0,3261,3333,"dormant",98,0,0,0
"212",402,"mbeddr/mbeddr.core","https://www.github.com/mbeddr/mbeddr.core",2395,16613,41192,1,1,"Java","ORG",0.353846,0,1,700,214,93,20345,1,1748,951,1250,265,59,917,41192,0.844827586206897,0,0,0.000683395788706512,0,1,0,5108,2816353,"dormant",161,0,0,0
"231",455,"pipelka/roboTV","https://www.github.com/pipelka/roboTV",1064,18778,22135669,1,1,"C++","USR",0.4,1,-1,26,7,3,701,4,48,39,34,4,27,12,22135669,0.416666666666667,0,1,0.415585404870122,0,1,0,11236,23016,"dormant",52,0.0574047703809185,0,0
"234",461,"plt-tud/r43ples","https://www.github.com/plt-tud/r43ples",1632,18846,8396691,1,1,"Java","ORG",0.111111,0,-1,83,15,21,1195,3,57,38,39,33,11,56,8396691,0.956896551724138,0,1,0.254355636905972,0,1,0,9250,32997,"dormant",14,0.21827027027027,0,1
"241",475,"rbei-etas/busmaster","https://www.github.com/rbei-etas/busmaster",2256,19453,116028,1,1,"C++","ORG",0,-1,-1,0,0,13,1120,0,1157,304,819,22,225,29,116028,0.75,0,0,0.364697800582026,0,1,0,262584,270046,"dormant",402,0.0117105383420163,0,0
"247",487,"robotology/codyco-modules","https://www.github.com/robotology/codyco-modules",1954,19796,10934289,1,1,"C++","ORG",0.236111,0,-1,9,3,46,2992,1,172,68,113,80,15,70,10934289,0.97008547008547,0,1,0.167553414522787,0,1,0,26788,89339,"dormant",16,0.00216514857398835,0,0
"259",509,"smartdevicelink/sdl_core","https://www.github.com/smartdevicelink/sdl_core",1283,20861,12590830,1,1,"C++","ORG",0.660714,1,-1,8,2,69,2849,1,818,407,584,1797,200,708,12590830,0.947388059701493,0,1,0,0,1,0,0,0,"dormant",158,0,0,0
"271",530,"telefonicaid/fiware-cygnus","https://www.github.com/telefonicaid/fiware-cygnus",1638,21722,17897014,1,1,"Java","ORG",0.439394,0,-1,19,11,42,4016,4,662,217,324,672,57,908,17897014,0.972789115646258,0,1,0.249214881606073,0,1,0,32709,38968,"dormant",37,0.490232046225809,0,1
"273",534,"timolson/cointrader","https://www.github.com/timolson/cointrader",1589,21986,9964131,1,1,"Java","USR",0.0714286,1,0,131,24,10,485,1,132,107,84,23,101,102,9964131,0.972868217054264,0,0,0.180453187250996,0,1,0,30884,32913,"dormant",233,0.00715580883305271,0,0
"282",547,"vicrucann/dura-europos-insitu","https://www.github.com/vicrucann/dura-europos-insitu",637,22633,26514722,1,1,"C++","USR",0.25,1,-1,57,15,3,1058,5,72,27,34,0,0,49,26514722,0.969465648854962,0,1,0.136594928261595,0,1,0,20125,20701,"dormant",11,0,0,0
"289",565,"xamarin/monodroid-samples","https://www.github.com/xamarin/monodroid-samples",2915,23213,4455,1,1,"C#","ORG",0.345455,0,1,11,9,80,1577,1,106,106,76,175,3208,125,4455,0.814565483476132,0,0,0.157102253949369,0,1,0,109431,191283,"dormant",1797,0.00403907485081924,50,0
"290",566,"xen2/SharpLang","https://www.github.com/xen2/SharpLang",600,23237,9861508,1,1,"C#","USR",0.375,-1,-1,4,1,6,587,0,54,31,29,10,27,13,9861508,0.923745819397993,0,0,0.200212058108131,0,1,0,311526,607974,"dormant",246,0.000815341255625534,0,0
"298",605,"Bareflank/hypervisor","https://www.github.com/Bareflank/hypervisor",1007,NA,27267131,1,0,"C++","ORG",0.365854,1,-1,52,30,26,1173,0,189,118,140,503,115,715,27267131,0.896153846153846,0,1,0.149582328507111,0,1,0,85694,92744,"dormant",544,0,0,0
"302",843,"datacite/mds","https://www.github.com/datacite/mds",2612,NA,296782,1,0,"Java","ORG",0.272727,1,-1,281,102,7,1191,0,312,307,185,7,13,209,296782,0.971098265895954,0,0,0.0771701777976991,0,1,0,9510,12353,"dormant",23,0.38286014721346,0,0
"303",874,"facebook/screenshot-tests-for-android","https://www.github.com/facebook/screenshot-tests-for-android",1029,NA,27114383,1,0,"Java","ORG",0.621622,1,-1,55,6,30,413,0,110,95,82,90,128,47,27114383,0.936170212765957,0,0,0.199699021820918,0,1,0,2942,5318,"dormant",1207,0.387151597552685,0,0
"304",953,"laurent-clouet/sheepit-client","https://www.github.com/laurent-clouet/sheepit-client",1335,NA,13527135,1,0,"Java","USR",0.117647,1,-1,5,4,27,317,0,102,93,65,62,72,30,13527135,1,0,1,0.188844621513944,0,1,0,6768,7126,"dormant",162,0,0,0
"307",982,"mapstruct/mapstruct","https://www.github.com/mapstruct/mapstruct",2239,NA,3394187,1,0,"Java","ORG",0.2,1,-1,32,5,54,1140,0,1034,577,572,587,245,37,3394187,0.972846839202376,0,1,0.234797218024647,0,1,0,78075,81527,"dormant",1426,0.265923791226385,0,0
"308",995,"migueldeicaza/MonoTouch.Dialog","https://www.github.com/migueldeicaza/MonoTouch.Dialog",3011,NA,52771,1,0,"C#","USR",0.245283,1,-1,11,4,50,508,0,141,141,101,109,229,73,52771,1,0,0,0.0542488619119879,0,1,0,6138,17451,"dormant",439,0,0,0
"309",1008,"mulesoft-labs/raml-for-jax-rs","https://www.github.com/mulesoft-labs/raml-for-jax-rs",1530,NA,58608428,1,0,"Java","ORG",0.333333,1,-1,53,24,51,1204,0,294,193,161,26,68,118,58608428,0.889855072463768,0,1,0.278794985117705,0,1,0,12180,15992,"dormant",285,0.124548440065681,0,0
"312",1225,"zeromq/jzmq","https://www.github.com/zeromq/jzmq",2565,NA,58596,1,0,"Java","ORG",0.179245,1,-1,31,26,95,638,0,259,223,169,209,327,244,58596,1,0,1,0.245977692231764,0,1,0,5296,7639,"dormant",531,0.377643504531722,0,0
"315",1232,"Freeyourgadget/Gadgetbridge","https://www.github.com/Freeyourgadget/Gadgetbridge",1306,2329,14773650,1,1,"Java","ORG",0.113208,0,-1,139,49,145,3612,1,950,315,581,296,496,602,14773650,0.980392156862745,0,1,0.12810149320759,0,1,0,51019,69894,"dormant",2572,0.0294400125443462,0,0
"316",1237,"GluuFederation/oxAuth","https://www.github.com/GluuFederation/oxAuth",1590,2511,8885398,1,1,"Java","ORG",0.225,0,-1,270,63,30,3100,3,634,274,351,244,76,518,8885398,0.969362745098039,0,0,0.139208970829866,0,1,0,101279,161357,"dormant",149,0.50154523642611,0,0
"318",1239,"GeertBellekens/Enterprise-Architect-Toolpack","https://www.github.com/GeertBellekens/Enterprise-Architect-Toolpack",2695,2434,34019,1,1,"C#","USR",0.111111,0,-1,0,0,8,819,1,93,27,42,3,16,2,34019,0.916666666666667,0,0,0.0589408153312104,0,1,0,28482,131210,"dormant",46,0,0,1
"324",1248,"HPI-Information-Systems/Metanome","https://www.github.com/HPI-Information-Systems/Metanome",1966,2647,8438474,1,1,"Java","ORG",0.25,0,-1,257,10,27,2633,1,239,95,143,146,33,284,8438474,0.995133819951338,0,1,0.340120984919485,0,1,0,27900,30980,"dormant",100,0.373297491039426,0,0
"327",1255,"IQSS/dataverse","https://www.github.com/IQSS/dataverse",1736,2853,9407604,1,1,"Java","ORG",0.0462428,1,-1,1498,236,135,11705,36,4230,1184,2231,908,191,5268,9407604,0.96943231441048,0,1,0.161321388396578,0,1,0,134622,207266,"dormant",366,0.162105747946101,0,0
"333",1268,"LibrePCB/LibrePCB","https://www.github.com/LibrePCB/LibrePCB",1506,3750,21445495,1,1,"C++","USR",0.25,0,1,6,6,21,1310,8,147,66,89,197,74,139,21445495,0.996938775510204,0,1,0.344009025949605,0,1,0,83629,87214,"dormant",509,0.0353346327230984,0,0
"337",1283,"MvvmFx/MvvmFx","https://www.github.com/MvvmFx/MvvmFx",1067,4442,23911874,1,1,"C#","ORG",0.166667,1,1,42,35,4,584,1,39,15,19,186,9,397,23911874,0.84923928077455,0,0,0.184765755333556,0,1,0,53159,83074,"dormant",43,0.0385259316390451,0,0
"338",1284,"MyRobotLab/myrobotlab","https://www.github.com/MyRobotLab/myrobotlab",1462,4446,8952646,1,1,"Java","ORG",0.107143,1,-1,1,1,30,3187,2,208,189,145,134,54,21,8952646,0.992373689227836,0,1,0.292152980408504,0,1,0,121963,244530,"dormant",112,0.0447676754425523,0,0
"346",1305,"Particular/docs.particular.net","https://www.github.com/Particular/docs.particular.net",1831,4928,6601601,1,1,"C#","ORG",0.0287356,-1,-1,106,20,140,13694,0,1283,1283,742,2812,219,2514,6601601,0.979807005003574,0,0,0.0251608895119154,0,1,0,95216,122393,"dormant",58,0.0767833137287851,0,0
"354",1340,"uwescience/myria","https://www.github.com/uwescience/myria",1852,22500,10494786,1,1,"Java","ORG",0.0227273,1,-1,39,9,23,4557,1,318,111,180,192,27,579,10494786,0.947098976109215,0,1,0.235939004989123,0,1,0,66569,70600,"dormant",94,0.148192101428593,0,0
"356",1344,"SRombauts/UE4GitPlugin","https://www.github.com/SRombauts/UE4GitPlugin",1412,NA,9726863,1,0,"C++","USR",0.222222,1,-1,18,9,7,235,0,70,44,45,14,56,34,9726863,0.954545454545455,0,0,0.179306171843485,0,1,0,4044,4069,"dormant",263,0,0,0
"357",1346,"TechStack/TechStack-s-HeavyMachineryMod","https://www.github.com/TechStack/TechStack-s-HeavyMachineryMod",1127,NA,14990776,1,0,"Java","USR",0.25,1,-1,26,4,3,622,0,68,52,33,67,7,87,14990776,0.990123456790123,0,0,0.109475683375161,0,1,0,25776,26258,"dormant",10,0,0,0
"361",1351,"dvasilen/Hive-XML-SerDe","https://www.github.com/dvasilen/Hive-XML-SerDe",1454,NA,5346971,1,0,"Java","USR",0.333333,1,-1,4,1,2,23,0,65,65,45,3,37,3,5346971,1,0,0,0.312998160637646,0,1,0,2094,2241,"dormant",37,0.257879656160458,0,0
"362",1352,"gkbm2013/tinker-IO","https://www.github.com/gkbm2013/tinker-IO",1057,NA,18677231,1,0,"Java","USR",0.166667,1,-1,9,3,5,118,0,75,73,52,3,8,8,18677231,0.987654320987654,0,0,0.0392614188532556,0,0,0,4756,4943,"dormant",13,0,0,0
"374",1397,"EddyVerbruggen/Calendar-PhoneGap-Plugin","https://www.github.com/EddyVerbruggen/Calendar-PhoneGap-Plugin",1734,NA,5428680,1,0,"Java","USR",0.0508475,1,-1,12,8,56,339,0,403,384,253,83,306,106,5428680,1,0,0,0.059106334841629,0,1,0,1503,3327,"dormant",660,0,0,0
"378",1408,"HangfireIO/Hangfire","https://www.github.com/HangfireIO/Hangfire",1820,NA,10535397,1,0,"C#","ORG",0.100917,1,-1,7,1,101,2800,0,915,540,520,314,954,385,10535397,0.864801864801865,0,1,0.189807961789725,0,1,0,35009,41050,"dormant",4212,0.327515781656146,0,0
"379",1412,"JetBrains/resharper-unity","https://www.github.com/JetBrains/resharper-unity",1246,NA,25308589,1,0,"C#","ORG",0.357143,1,-1,247,53,41,2257,0,464,351,257,409,106,344,25308589,0.91880695940348,0,1,0.0563276999948839,0,1,0,49283,55336,"dormant",639,0.0700444372298764,0,0
"380",1414,"Kooboo/CMS","https://www.github.com/Kooboo/CMS",887,NA,3363164,1,0,"C#","ORG",0.684211,1,-1,50,82,15,899,0,284,236,192,54,204,193,3363164,0.936814621409922,0,0,0.0757136727461502,0,1,0,153010,523452,"dormant",310,0.0304751323442912,0,0
"386",1424,"MohammadYounes/OWIN-MixedAuth","https://www.github.com/MohammadYounes/OWIN-MixedAuth",531,NA,12706833,1,0,"C#","USR",0,1,-1,0,0,1,18,0,97,11,61,1,38,2,12706833,0.80327868852459,0,0,0.181977715288496,0,1,0,6273,38690,"dormant",92,0,0,0
"398",1502,"awslabs/aws-apigateway-importer","https://www.github.com/awslabs/aws-apigateway-importer",510,NA,22046407,1,0,"Java","ORG",0.541667,1,-1,6,7,23,95,0,166,166,111,13,2,28,22046407,1,0,1,0.132463967055594,0,1,0,2014,2528,"dormant",500,0.171797418073486,0,0
"420",1585,"flavienlaurent/datetimepicker","https://www.github.com/flavienlaurent/datetimepicker",494,NA,4596919,1,0,"Java","USR",0.0833333,1,-1,1,1,8,73,0,105,96,67,27,454,12,4596919,0.85,0,0,0.208142493638677,0,1,0,3321,4668,"dormant",1882,0,0,0
"427",1603,"haku/Onosendai","https://www.github.com/haku/Onosendai",1933,NA,3024494,1,0,"Java","USR",0.2,1,-1,51,12,3,1002,0,181,56,115,2,14,199,3024494,0.989583333333333,0,0,0.049258050612647,0,1,0,28130,30882,"dormant",15,0.0849271240668326,0,0
"429",1615,"hrzafer/nuve","https://www.github.com/hrzafer/nuve",1419,NA,8607803,1,0,"C#","USR",0.25,1,-1,1,0,1,140,0,88,44,48,1,9,2,8607803,0.829268292682927,0,0,0.0615488495299434,0,1,0,15745,18068,"dormant",65,0.329818990155605,0,0
"430",1619,"iain-davis/CommunityBridge","https://www.github.com/iain-davis/CommunityBridge",1395,NA,1534971,1,0,"Java","USR",0.1,1,-1,91,27,8,798,0,253,101,145,3,6,70,1534971,0.956521739130435,0,0,0.112495575221239,0,0,0,10573,12536,"dormant",20,0.34588101768656,0,0
"434",1639,"joscha/play-authenticate","https://www.github.com/joscha/play-authenticate",2253,NA,15684,1,0,"Java","USR",0.0793651,1,-1,11,8,57,844,0,241,203,150,120,393,90,15684,0.969230769230769,0,1,0.109192773839469,0,1,0,6696,7791,"dormant",821,0.0507765830346475,55,0
"439",1665,"loresoft/EntityFramework.Extended","https://www.github.com/loresoft/EntityFramework.Extended",2209,NA,327574,1,0,"C#","ORG",0.137931,1,-1,1,5,28,178,0,178,178,103,64,305,39,327574,0.882352941176471,0,1,0.117220840625096,0,1,0,13080,28753,"dormant",1241,0.295795107033639,0,0
"449",1708,"nicoulaj/idea-markdown","https://www.github.com/nicoulaj/idea-markdown",1911,NA,252917,1,0,"Java","USR",0,1,-1,11,0,7,160,0,243,31,158,22,111,33,252917,0.608695652173913,0,0,0.558267883676502,0,1,0,1680,2081,"dormant",603,0,0,0
"459",1759,"rest-assured/rest-assured","https://www.github.com/rest-assured/rest-assured",2856,NA,17318,1,0,"Java","ORG",0.216867,1,-1,49,16,76,1704,0,946,553,484,57,139,129,17318,0.98471615720524,0,1,0.385720100745414,0,1,0,36626,48291,"dormant",3554,0.549145415824824,55,0
"460",1760,"resty-gwt/resty-gwt","https://www.github.com/resty-gwt/resty-gwt",3129,NA,8031193,1,0,"Java","ORG",0.162791,1,-1,101,55,80,877,0,197,196,115,102,149,224,8031193,0.989090909090909,0,1,0.294250051156129,0,1,0,15270,17245,"dormant",284,0.0917485265225933,0,0
"461",1762,"rizonesoft/Notepad3","https://www.github.com/rizonesoft/Notepad3",1016,NA,28722415,1,0,"C++","USR",0.111111,1,-1,28,14,8,1787,0,334,157,219,495,34,316,28722415,0.652073732718894,0,1,0,0,1,0,0,0,"dormant",231,0,0,0
"469",1811,"thinkaurelius/faunus","https://www.github.com/thinkaurelius/faunus",903,NA,898238,1,0,"Java","ORG",0.1,1,-1,25,4,7,707,0,166,88,76,10,54,15,898238,1,0,1,0.0888846713481369,0,1,0,13095,14402,"dormant",261,0.0958381061473845,0,0
"479",1882,"EnterpriseDB/hdfs_fdw","https://www.github.com/EnterpriseDB/hdfs_fdw",1054,NA,14789622,1,0,"C++","ORG",0.166667,1,-1,40,16,8,193,0,39,39,26,20,15,59,14789622,0.2,0,0,0.249283363414375,0,1,0,811,7071,"dormant",65,0.803945745992602,0,0
"481",1884,"EssencePowered/Essence","https://www.github.com/EssencePowered/Essence",981,NA,32882172,1,0,"Java","ORG",0.166667,1,-1,519,213,21,1929,0,1032,558,664,12,0,524,32882172,0.964873765093304,0,1,0.159680386710436,0,1,0,46245,46589,"dormant",98,0.0285652502973294,0,0
"482",1890,"Haehnchen/idea-php-drupal-symfony2-bridge","https://www.github.com/Haehnchen/idea-php-drupal-symfony2-bridge",1290,NA,10181982,1,0,"Java","USR",0.166667,1,-1,11,7,6,59,0,43,36,18,3,6,26,10181982,0.954545454545455,0,1,0.0671685002895194,0,1,0,2750,3222,"dormant",30,0,0,0
"487",1902,"OfficeDev/PnP-Tools","https://www.github.com/OfficeDev/PnP-Tools",1036,NA,29361251,1,0,"C#","ORG",0.324324,1,-1,0,0,28,577,0,123,75,83,41,85,59,29361251,0.893111638954869,0,0,0.211809705498414,0,1,0,59886,414808,"dormant",263,0.00125237952109007,0,0
"491",1923,"Vswe/Production","https://www.github.com/Vswe/Production",28,NA,11166020,1,0,"Java","USR",0,1,-1,0,0,1,46,0,38,38,29,4,16,1,11166020,0.986111111111111,0,0,0.00733496332518337,0,0,0,6090,6090,"dormant",12,0,0,0
"493",1942,"c3-ls/ServiceFabric-Http","https://www.github.com/c3-ls/ServiceFabric-Http",927,NA,35147120,1,0,"C#","ORG",0.25,1,-1,7,4,3,106,0,43,15,21,4,22,11,35147120,1,0,1,0.175333640128854,0,1,0,1208,1792,"dormant",71,0,0,0
"495",1949,"danielflower/multi-module-maven-release-plugin","https://www.github.com/danielflower/multi-module-maven-release-plugin",1260,NA,15523058,1,0,"Java","USR",0.166667,1,-1,35,4,16,185,0,44,42,19,27,46,27,15523058,0.886363636363636,0,1,0.0437621316393153,0,1,0,3989,5419,"dormant",79,0.493858109801955,0,0
"500",2003,"kbastani/spring-cloud-microservice-example","https://www.github.com/kbastani/spring-cloud-microservice-example",540,NA,20243290,1,0,"Java","USR",0.625,1,-1,1,2,8,29,0,49,46,38,0,0,10,20243290,0.888888888888889,0,0,0.0591966173361522,0,1,0,1100,2225,"dormant",2532,0.0127272727272727,0,0
"502",2007,"leekelleher/umbraco-doc-type-grid-editor","https://www.github.com/leekelleher/umbraco-doc-type-grid-editor",1253,NA,16816343,1,0,"C#","USR",0.0434783,1,-1,24,5,20,228,0,75,23,54,15,14,54,16816343,0.904761904761905,0,1,0.0156808486106307,0,1,0,1265,8537,"dormant",31,0,0,0
"506",2013,"malmstein/fenster","https://www.github.com/malmstein/fenster",524,NA,11068757,1,0,"Java","USR",0,1,-1,0,0,4,108,0,31,27,19,11,69,10,11068757,0.84,0,1,0.0768980123818833,0,1,0,2180,2833,"dormant",415,0,0,0
"510",2040,"openitg/openitg","https://www.github.com/openitg/openitg",2692,NA,122385,1,0,"C++","ORG",0.08,1,-1,0,0,16,542,0,42,30,29,71,68,63,122385,0.876112251882272,0,0,0,0,1,0,0,0,"dormant",124,0,0,0
"517",2084,"walkmod/walkmod-core","https://www.github.com/walkmod/walkmod-core",1551,NA,7166257,1,0,"Java","ORG",0.142857,1,-1,19,1,9,249,0,52,50,24,24,5,27,7166257,0.948979591836735,0,1,0.161291836830493,0,1,0,16647,17867,"dormant",135,0.176007689073106,0,0
"521",2098,"01org/thermal_daemon","https://www.github.com/01org/thermal_daemon",2145,NA,3293513,1,0,"C++","ORG",0.55814,1,-1,0,0,43,573,0,99,99,78,56,40,53,3293513,0.978021978021978,0,0,0.30279824580931,0,1,0,30032,31319,"dormant",206,0,0,0
"533",2111,"Homegear/Homegear","https://www.github.com/Homegear/Homegear",1950,NA,9945870,1,0,"C++","ORG",0.111111,1,-1,10,4,9,1190,0,293,101,177,9,23,20,9945870,0.980769230769231,0,0,0.0679904421048238,0,1,0,49877,89321,"dormant",103,0,0,0
"545",2124,"Meridian59/Meridian59","https://www.github.com/Meridian59/Meridian59",2197,NA,833364,1,0,"C++","USR",0.0689655,1,-1,0,0,29,561,0,48,35,36,312,106,104,833364,0.786008230452675,0,0,0,0,1,0,0,0,"dormant",220,0,0,0
"551",2132,"OpenRTMFP/Cumulus","https://www.github.com/OpenRTMFP/Cumulus",1894,NA,196311,1,0,"C++","ORG",0,1,-1,0,0,8,286,0,113,113,79,4,170,3,196311,0.988700564971751,0,0,0.170551050379925,0,1,0,12943,12990,"dormant",595,0,0,0
"574",2164,"bwilcox-1234/ChatScript","https://www.github.com/bwilcox-1234/ChatScript",768,NA,30356419,1,0,"C++","USR",0.047619,1,-1,0,0,21,592,0,142,142,94,94,288,89,30356419,0.352601156069364,0,0,0,0,1,0,0,0,"dormant",778,0,0,0
"594",2188,"ericniebler/range-v3","https://www.github.com/ericniebler/range-v3",1816,NA,6357343,1,0,"C++","USR",0.0923077,1,-1,355,84,65,1626,0,463,407,345,478,225,557,6357343,0.907172995780591,0,1,0.143978569143832,0,1,0,62738,64229,"dormant",1939,0,0,0
"621",2229,"lvandeve/lodepng","https://www.github.com/lvandeve/lodepng",1528,NA,11587998,1,0,"C++","USR",0.0625,1,-1,0,0,16,114,0,44,44,23,36,201,12,11587998,1,0,0,0.213629943502825,0,1,0,10965,11135,"dormant",822,0,0,0
"623",2231,"lysevi/dariadb","https://www.github.com/lysevi/dariadb",454,NA,33696126,1,0,"C++","USR",0.142857,1,-1,5,2,7,2759,0,334,11,248,58,4,227,33696126,0.809701492537313,0,1,0.283376307665705,0,1,0,30491,140909,"dormant",18,0.170476534059231,0,0
"643",2254,"paboyle/Grid","https://www.github.com/paboyle/Grid",1345,NA,17023906,1,0,"C++","USR",0.0980392,1,-1,0,0,51,4079,0,99,68,76,79,40,66,17023906,0.943478260869565,0,1,0,0,1,0,0,0,"dormant",62,0,0,0
"646",2259,"piccolo-dev/android_device_bq_piccolo","https://www.github.com/piccolo-dev/android_device_bq_piccolo",520,NA,23185643,1,0,"C++","ORG",0.589744,1,-1,0,0,39,175,0,82,31,69,5,8,2,23185643,0.8125,0,0,0.273178361469176,0,1,0,9485,13476,"dormant",22,0,0,0
"652",2266,"readium/readium-sdk","https://www.github.com/readium/readium-sdk",1912,NA,2723225,1,0,"C++","USR",0.311111,1,-1,24,3,45,957,0,209,123,134,107,137,68,2723225,0.921921921921922,0,0,0.374130696323249,0,1,0,113369,255948,"dormant",315,0.0854025350845469,0,0
"665",2280,"tmolteno/necpp","https://www.github.com/tmolteno/necpp",2225,NA,1244316,1,0,"C++","USR",0.125,1,-1,5,6,16,270,0,46,41,36,10,24,20,1244316,0.95,0,0,0.146724907273172,0,1,0,24778,45320,"dormant",97,0.3838485753491,0,0
"666",2281,"tomahawk-player/tomahawk","https://www.github.com/tomahawk-player/tomahawk",2935,NA,3805,1,0,"C++","ORG",0.170732,1,-1,6,4,123,11388,0,282,227,197,369,462,273,3805,0.967307692307692,0,0,0.177890101748789,0,1,0,114747,137599,"dormant",2485,0,40,0
"673",2288,"vkohaupt/vokoscreen","https://www.github.com/vkohaupt/vokoscreen",2043,NA,1919087,1,0,"C++","USR",0.222222,1,-1,3,1,18,1097,0,182,151,116,44,75,29,1919087,0.972602739726027,0,0,0.132166458296124,0,1,0,9265,9718,"dormant",450,0,0,0
"676",2291,"xenon-tech/Quirky","https://www.github.com/xenon-tech/Quirky",1813,NA,80553534,1,0,"C++","ORG",0.125,1,-1,0,0,16,957,0,143,6,94,0,0,20,80553534,0.881915073591609,0,1,0,0,1,0,0,0,"dormant",20,0,0,0
"679",2294,"Alex-the-666/Ice_and_Fire","https://www.github.com/Alex-the-666/Ice_and_Fire",1164,NA,26141539,1,0,"Java","USR",0.0454545,1,-1,174,137,22,1064,0,986,817,725,131,42,302,26141539,0.98921832884097,0,0,0.0150361866733217,0,0,0,47174,47361,"dormant",39,0,0,0
"687",2305,"EXTER7/Foundry","https://www.github.com/EXTER7/Foundry",1353,NA,4975017,1,0,"Java","USR",0.0833333,1,-1,43,12,12,753,0,68,67,46,17,18,36,4975017,0.942307692307692,0,0,0.0476708919822692,0,1,0,24239,24492,"dormant",14,0,0,0
"688",2306,"HaarigerHarald/android-youtubeExtractor","https://www.github.com/HaarigerHarald/android-youtubeExtractor",1445,NA,12423762,1,0,"Java","USR",0.333333,1,-1,2,2,6,111,0,62,62,40,7,125,5,12423762,0.818181818181818,0,0,0.0552268244575937,0,1,0,1564,1916,"dormant",296,0.00575447570332481,0,0
"690",2309,"MrQweex/NitroDroid","https://www.github.com/MrQweex/NitroDroid",420,NA,1840658,1,0,"Java","USR",0,1,-1,0,0,4,91,0,39,23,19,0,0,1,1840658,1,0,0,0.193513829372809,0,1,0,3838,8281,"dormant",10,0,0,0
"701",2321,"alaisi/postgres-async-driver","https://www.github.com/alaisi/postgres-async-driver",1690,NA,11926662,1,0,"Java","USR",0.333333,1,-1,14,2,15,142,0,39,36,22,24,44,23,11926662,1,0,0,0.266979362101313,0,1,0,3814,3907,"dormant",255,0.318563188253802,0,0
"708",2328,"b3dgs/lionengine","https://www.github.com/b3dgs/lionengine",1948,NA,19484754,1,0,"Java","ORG",0.25,1,-1,0,0,4,2295,0,511,4,246,7,10,16,19484754,0.931844888366627,0,1,0.410876682429975,0,1,0,59963,61541,"dormant",53,0.388622984173574,0,0
"710",2331,"catify/bpmn-engine","https://www.github.com/catify/bpmn-engine",74,NA,1927744,1,0,"Java","USR",0,1,-1,15,8,5,154,0,36,14,24,0,9,17,1927744,0.943217665615142,0,0,0.490976050999311,0,1,0,15213,23635,"dormant",19,0.104844540853218,0,0
"711",2332,"chariotsolutions/phonegap-nfc","https://www.github.com/chariotsolutions/phonegap-nfc",2552,NA,56040,1,0,"Java","ORG",0.26087,1,-1,44,27,23,510,0,281,281,183,73,238,110,56040,1,0,0,0.119850187265918,0,1,0,1221,2820,"dormant",486,0,0,0
"715",2337,"d-max/spots-dialog","https://www.github.com/d-max/spots-dialog",1244,NA,15091968,1,0,"Java","USR",0.25,1,-1,2,4,8,69,0,38,38,28,6,188,8,15091968,0.857142857142857,0,0,0.077834179357022,0,1,0,277,545,"dormant",849,0,0,0
"719",2342,"dotCMS/core","https://www.github.com/dotCMS/core",2442,NA,11743172,1,0,"Java","ORG",0.383333,1,-1,436,62,120,15621,0,9337,1819,5861,3916,304,10050,11743172,0.983973473335175,0,0,0.188683491444757,0,1,0,412291,1168054,"dormant",430,0.146682804135914,0,0
"721",2344,"eclipse/packagedrone","https://www.github.com/eclipse/packagedrone",1014,NA,28318894,1,0,"Java","ORG",0.333333,1,-1,5,1,18,609,0,102,51,57,31,31,26,28318894,0.95487106017192,0,1,0.208843912616004,0,1,0,104968,131968,"dormant",53,0.0481289535858547,0,0
"722",2345,"elytra/MovingWorld","https://www.github.com/elytra/MovingWorld",1168,NA,36509727,1,0,"Java","ORG",0.25,1,-1,69,8,4,350,0,52,40,42,4,8,19,36509727,0.951612903225806,0,1,0.04400800145481,0,1,0,5054,5257,"dormant",18,0,0,0
"725",2348,"eu-emi/canl-java","https://www.github.com/eu-emi/canl-java",2262,NA,53196,1,0,"Java","ORG",0.25,1,-1,0,0,8,316,0,88,7,56,7,6,28,53196,0.88780487804878,0,0,0.251594408297365,0,1,0,22374,23235,"dormant",10,0.233261821757397,0,0
"728",2351,"fhermeni/btrplace-solver","https://www.github.com/fhermeni/btrplace-solver",2193,NA,2884162,1,0,"Java","USR",0.266667,1,-1,18,7,15,2599,0,167,85,116,6,3,135,2884162,0.94811320754717,0,1,0.362193747045061,0,1,0,49705,52612,"dormant",46,0.363907051604466,0,0
"730",2353,"floatinghotpot/cordova-plugin-sms","https://www.github.com/floatinghotpot/cordova-plugin-sms",429,NA,4699865,1,0,"Java","USR",0.2,1,-1,1,1,5,25,0,78,78,48,4,118,3,4699865,0,0,0,0.173413691153059,0,0,0,456,7269,"dormant",153,0,0,0
"731",2355,"ftomassetti/turin-programming-language","https://www.github.com/ftomassetti/turin-programming-language",61,NA,24998819,1,0,"Java","USR",0,1,-1,1,1,2,482,0,76,70,34,16,6,17,24998819,0.992452830188679,0,1,0.0430163132903954,0,1,0,19145,20356,"dormant",59,0.277774875946722,0,0
"733",2359,"horrorho/InflatableDonkey","https://www.github.com/horrorho/InflatableDonkey",1065,NA,27758054,1,0,"Java","USR",0.125,1,-1,14,5,8,683,0,85,33,54,5,77,10,27758054,0.989399293286219,0,0,0.220731616552545,0,1,0,83589,83762,"dormant",197,0.0144038091136394,0,0
"735",2361,"jahirfiquitiva/IconShowcase","https://www.github.com/jahirfiquitiva/IconShowcase",771,NA,31931828,1,0,"Java","USR",0.105263,1,-1,97,17,19,668,0,147,129,87,6,39,37,31931828,0.982456140350877,0,1,0.238854791933635,0,1,0,14418,22571,"dormant",88,0,0,0
"736",2362,"japacible/DashTricks-Pakistan","https://www.github.com/japacible/DashTricks-Pakistan",70,NA,8921170,1,0,"Java","USR",0,1,-1,0,0,6,220,0,114,33,70,1,4,2,8921170,0.952380952380952,0,0,0.101868764929043,0,0,0,3560,6392,"dormant",11,0,0,0
"737",2363,"jenkinsci/mesos-plugin","https://www.github.com/jenkinsci/mesos-plugin",1879,NA,4825441,1,0,"Java","ORG",0.492958,1,-1,28,8,71,406,0,175,175,105,162,145,139,4825441,0.964285714285714,0,0,0.111534069280548,0,1,0,4221,4668,"dormant",280,0.203743188817816,0,0
"741",2367,"libreliodev/android","https://www.github.com/libreliodev/android",1945,NA,2318904,1,0,"Java","USR",0.0416667,1,-1,193,42,24,680,0,325,271,193,7,130,125,2318904,0.982905982905983,0,0,0.200021992522542,0,1,0,12042,14550,"dormant",209,0,0,0
"744",2374,"myui/hivemall","https://www.github.com/myui/hivemall",1162,NA,5483983,1,0,"Java","USR",0.130435,1,-1,0,0,23,1668,0,102,3,44,279,114,236,5483983,0,0,0,0,0,1,0,0,0,"dormant",508,0,0,0
"745",2375,"nhl/link-move","https://www.github.com/nhl/link-move",1504,NA,11367936,1,0,"Java","USR",0.111111,1,-1,206,41,9,431,0,132,107,58,5,1,201,11367936,0.955172413793103,0,1,0.0840935592290281,0,1,0,11788,13353,"dormant",24,0.342551747539871,0,0
"747",2377,"one-signal/OneSignal-Android-SDK","https://www.github.com/one-signal/OneSignal-Android-SDK",1305,NA,18444483,1,0,"Java","ORG",0.238095,1,-1,5,1,21,515,0,510,271,383,13,7,114,18444483,0.975609756097561,0,1,0.221261884183233,0,1,0,16653,18020,"dormant",323,0.220801056866631,0,0
"748",2378,"opennetworkinglab/flowvisor","https://www.github.com/opennetworkinglab/flowvisor",351,NA,805784,1,0,"Java","ORG",0,1,-1,8,5,8,803,0,186,109,118,105,64,56,805784,0.995967741935484,0,0,0.184981494932725,0,1,0,20671,23563,"dormant",132,0.0273813555222292,0,0
"751",2381,"pmwisdom/cordova-background-geolocation-services","https://www.github.com/pmwisdom/cordova-background-geolocation-services",826,NA,27801381,1,0,"Java","USR",0.1,1,-1,0,0,10,107,0,94,88,55,0,0,9,27801381,1,0,0,0.0977713874910137,0,1,0,951,1255,"dormant",130,0,0,0
"754",2384,"rundeck-plugins/rundeck-winrm-plugin","https://www.github.com/rundeck-plugins/rundeck-winrm-plugin",2198,NA,5823817,1,0,"Java","ORG",0.428571,1,-1,9,2,14,114,0,46,43,27,13,20,20,5823817,0.75,0,1,0.0742534301856336,0,1,0,809,1147,"dormant",52,0,0,0
"755",2385,"ryantenney/passkit4j","https://www.github.com/ryantenney/passkit4j",1192,NA,1664440,1,0,"Java","USR",0,1,-1,2,1,5,79,0,42,40,27,6,36,7,1664440,1,0,1,0.0843039378813089,0,1,0,1273,1651,"dormant",63,0,0,0
"758",2388,"sirthias/pegdown","https://www.github.com/sirthias/pegdown",2463,NA,33508,1,0,"Java","USR",0.129032,1,-1,54,37,31,280,0,198,175,116,51,232,95,33508,0.984126984126984,0,0,0.15091693635383,0,1,0,3141,7871,"dormant",1235,0,0,0
"760",2391,"stleary/JSON-java","https://www.github.com/stleary/JSON-java",2846,NA,49257,1,0,"Java","USR",0.108108,1,-1,34,8,37,332,0,239,239,150,110,402,91,49257,0.952380952380952,0,0,0.506560636182903,0,1,0,3723,3723,"dormant",3105,0,0,0
"764",2398,"vert-x3/vertx-hazelcast","https://www.github.com/vert-x3/vertx-hazelcast",1466,NA,13556037,1,0,"Java","ORG",0.125,1,-1,28,12,24,276,0,52,46,37,53,55,60,13556037,0.95,0,1,0.253532391362303,0,1,0,2336,2800,"dormant",43,0.389554794520548,0,0
"765",2399,"wdullaer/MaterialDateTimePicker","https://www.github.com/wdullaer/MaterialDateTimePicker",1424,NA,14707585,1,0,"Java","USR",0.205128,1,-1,79,50,39,421,0,466,309,282,86,800,155,14707585,0.91304347826087,0,1,0.223724560914413,0,1,0,8207,11138,"dormant",3806,0.2262702570976,0,0
"766",2401,"windy1/google-places-api-java","https://www.github.com/windy1/google-places-api-java",867,NA,7930471,1,0,"Java","USR",0.153846,1,-1,2,3,13,133,0,42,42,27,22,73,19,7930471,0.851851851851852,0,1,0.415764139590854,0,1,0,1717,1942,"dormant",171,0.0716365754222481,0,0
"767",2402,"wnafee/vector-compat","https://www.github.com/wnafee/vector-compat",28,NA,18520035,1,0,"Java","USR",0,1,-1,1,1,3,84,0,37,36,26,12,130,4,18520035,0.733333333333333,0,0,0.169854950599117,0,1,0,3233,3949,"dormant",1243,0,0,0
"768",2403,"xSAVIKx/AndroidScreencast","https://www.github.com/xSAVIKx/AndroidScreencast",1534,NA,11482454,1,0,"Java","USR",0.357143,1,-1,17,3,14,138,0,39,22,24,12,96,14,11482454,0.962025316455696,0,1,0.278504967670714,0,1,0,4100,4575,"dormant",376,0,0,0
"770",2405,"y20k/transistor","https://www.github.com/y20k/transistor",1148,NA,26969533,1,0,"Java","USR",0.26,1,-1,98,27,50,842,0,157,102,94,48,71,122,26969533,0.972222222222222,0,0,0.200543724512913,0,1,0,4921,8822,"dormant",135,0,0,0
"771",2406,"yegor256/s3auth","https://www.github.com/yegor256/s3auth",2066,NA,507985,1,0,"Java","USR",0.136364,1,-1,213,43,22,1015,0,282,147,196,88,49,198,507985,0.914285714285714,0,1,0.37486378496186,0,1,0,8155,10326,"dormant",220,0.364561618638872,0,0
